date,views_total,views_unique,clones_total,clones_unique
2022-08-29,3,3,0,0
2022-08-30,49,14,24,9
2022-08-31,6,2,4,2
2022-09-01,2,2,0,0
2022-09-03,6,2,4,2
2022-09-04,1,1,0,0
2022-09-05,5,2,0,0
2022-09-06,5,3,5,4
2022-09-07,10,3,5,4
2022-09-08,10,5,2,2
2022-09-09,0,0,1,1
2022-09-10,3,1,0,0
2022-09-11,47,4,10,8
2022-09-12,58,3,19,7
2022-09-13,5,3,3,2
2022-09-14,3,3,3,3
2022-09-15,1,1,1,1
2022-09-16,3,2,3,2
2022-09-17,1,1,1,1
2022-09-18,27,3,10,7
2022-09-19,17,7,9,3
2022-09-20,21,7,19,2
2022-09-21,28,5,12,7
2022-09-22,5,1,3,2
2022-09-23,2,2,6,4
2022-09-24,0,0,1,1
2022-09-25,12,3,13,4
2022-09-26,61,6,30,10
2022-09-27,2,1,3,3
2022-09-28,1,1,2,2
2022-09-29,2,1,2,2
2022-09-30,0,0,4,3
2022-10-01,5,4,4,4
2022-10-02,2,2,7,6
2022-10-03,19,2,29,7
2022-10-04,2,1,5,2
2022-10-05,2,2,1,1
2022-10-06,6,2,4,4
2022-10-07,1,1,3,2
2022-10-08,2,1,9,4
2022-10-09,0,0,2,2
2022-10-10,1,1,3,3
2022-10-11,7,5,2,2
2022-10-12,1,1,2,2
2022-10-13,1,1,2,2
2022-10-14,0,0,2,2
2022-10-15,0,0,3,2
2022-10-16,1,1,4,3
2022-10-17,8,3,10,7
2022-10-18,60,3,45,16
2022-10-19,155,4,54,16
2022-10-20,32,1,42,10
2022-10-21,28,8,20,8
2022-10-22,3,3,5,4
2022-10-23,33,6,22,10
2022-10-24,58,5,32,12
2022-10-25,201,7,81,18
2022-10-26,27,5,20,9
2022-10-27,4,1,1,1
2022-10-28,9,2,4,4
2022-10-29,18,1,1,1
2022-10-30,7,4,2,2
2022-10-31,1,1,2,2
2022-11-01,38,8,28,17
2022-11-02,49,8,20,11
2022-11-03,44,16,19,13
2022-11-04,54,24,6,6
2022-11-05,6,4,3,3
2022-11-06,60,11,11,10
2022-11-07,68,15,13,9
2022-11-08,36,10,12,8
2022-11-09,13,5,11,7
2022-11-10,44,5,21,10
2022-11-11,39,14,21,8
2022-11-12,21,8,3,3
2022-11-13,12,5,1,1
2022-11-14,53,10,12,9
2022-11-15,13,4,3,2
2022-11-16,29,7,10,5
2022-11-17,40,18,11,8
2022-11-18,104,20,6,5
2022-11-19,16,8,5,4
2022-11-20,15,4,6,4
2022-11-21,9,8,2,2
2022-11-22,55,15,5,4
2022-11-23,39,15,4,4
2022-11-24,32,12,3,3
2022-11-25,22,14,2,2
2022-11-26,8,5,2,2
2022-11-27,3,2,1,1
2022-11-28,20,13,4,3
2022-11-29,27,11,3,3
2022-11-30,24,6,5,4
2022-12-01,38,11,4,4
2022-12-02,12,7,4,4
2022-12-03,16,2,1,1
2022-12-04,15,3,5,3
2022-12-05,21,10,6,5
2022-12-06,49,13,7,6
2022-12-07,15,6,8,5
2022-12-08,14,9,13,6
2022-12-09,28,6,3,3
2022-12-10,14,4,11,5
2022-12-11,5,4,11,6
2022-12-12,54,13,10,8
2022-12-13,18,7,8,6
2022-12-14,16,9,4,3
2022-12-15,29,9,2,2
2022-12-16,25,13,10,5
2022-12-17,8,6,5,5
2022-12-18,8,4,2,2
2022-12-19,10,5,5,3
2022-12-20,12,5,5,5
2022-12-21,6,4,4,3
2022-12-22,5,5,2,2
2022-12-23,5,1,2,2
2022-12-24,0,0,2,2
2022-12-25,5,2,2,2
2022-12-26,2,2,1,1
2022-12-27,3,2,1,1
2022-12-28,2,2,1,1
2022-12-29,7,3,13,6
2022-12-30,0,0,3,2
2022-12-31,7,3,2,2
2023-01-01,1,1,1,1
2023-01-02,7,3,1,1
2023-01-03,15,8,14,9
2023-01-04,10,8,7,5
2023-01-05,35,6,12,8
2023-01-06,71,14,15,8
2023-01-07,29,7,3,3
2023-01-08,14,3,7,6
2023-01-09,17,7,9,5
2023-01-10,8,5,1,1
2023-01-11,22,9,2,2
2023-01-12,15,10,4,4
2023-01-13,27,13,5,3
2023-01-14,12,7,3,3
2023-01-15,1,1,2,2
2023-01-16,15,3,4,3
2023-01-17,3,3,3,3
2023-01-18,15,7,2,2
2023-01-19,31,11,14,6
2023-01-20,15,9,2,2
2023-01-21,4,3,2,2
2023-01-22,28,3,10,5
2023-01-23,12,9,277,8
2023-01-24,73,8,53,11
2023-01-25,72,16,19,10
2023-01-26,22,6,7,3
2023-01-27,21,8,8,5
2023-01-28,4,2,9,6
2023-01-29,54,6,28,9
2023-01-30,77,9,30,12
2023-01-31,77,14,34,16
2023-02-01,5,4,8,6
2023-02-02,6,4,10,6
2023-02-03,4,3,6,4
2023-02-04,8,6,6,5
2023-02-05,7,4,3,3
2023-02-06,16,9,4,4
2023-02-07,12,7,6,6
2023-02-08,10,5,1,1
2023-02-09,26,5,6,4
2023-02-10,2,2,16,2
2023-02-11,6,2,1,1
2023-02-12,3,3,2,2
2023-02-13,46,7,20,8
2023-02-14,81,15,27,14
2023-02-15,29,15,22,13
2023-02-16,28,13,9,6
2023-02-17,54,11,22,10
2023-02-18,31,6,14,8
2023-02-19,41,8,18,8
2023-02-20,57,14,33,16
2023-02-21,20,12,10,6
2023-02-22,27,16,15,11
2023-02-23,66,12,13,9
2023-02-24,11,7,6,5
2023-02-25,30,3,2,2
2023-02-26,31,10,17,8
2023-02-27,5,3,2,2
2023-02-28,42,16,31,12
2023-03-01,10,7,8,7
2023-03-02,19,8,17,8
2023-03-03,30,11,10,6
2023-03-04,10,5,10,4
2023-03-05,1,1,3,3
2023-03-06,26,11,5,5
2023-03-07,20,12,6,5
2023-03-08,48,15,9,6
2023-03-09,57,14,12,8
2023-03-10,21,7,7,4
2023-03-11,8,2,3,3
2023-03-12,3,1,2,2
2023-03-13,10,7,6,6
2023-03-14,21,11,3,3
2023-03-15,35,14,4,3
2023-03-16,77,18,26,13
2023-03-17,32,8,6,4
2023-03-18,14,4,8,4
2023-03-19,12,6,8,3
2023-03-20,20,5,6,3
2023-03-21,48,20,11,7
2023-03-22,38,12,11,4
2023-03-23,11,5,4,3
2023-03-24,3,2,3,3
2023-03-25,0,0,2,2
2023-03-26,2,2,1,1
2023-03-27,5,4,3,3
2023-03-28,16,7,4,3
2023-03-29,7,4,7,4
2023-03-30,6,6,13,6
2023-03-31,8,5,4,4
2023-04-01,6,3,7,4
2023-04-02,98,3,41,14
2023-04-03,280,9,89,18
2023-04-04,76,21,14,11
2023-04-05,61,9,22,13
2023-04-06,61,15,19,9
2023-04-07,15,9,2,2
2023-04-08,1,1,3,3
2023-04-09,26,2,8,6
2023-04-10,16,7,4,4
2023-04-11,19,13,6,5
2023-04-12,45,14,7,6
2023-04-13,42,15,22,12
2023-04-14,32,11,4,4
2023-04-15,26,5,11,8
2023-04-16,10,4,13,4
2023-04-17,60,26,10,8
2023-04-18,147,42,49,15
2023-04-19,69,11,22,9
2023-04-20,32,13,18,7
2023-04-21,203,20,150,17
2023-04-22,158,8,40,13
2023-04-23,40,7,28,12
2023-04-24,49,12,15,11
2023-04-25,97,13,23,9
2023-04-26,73,13,23,13
2023-04-27,64,11,15,11
2023-04-28,51,7,28,12
2023-04-29,27,7,5,4
2023-04-30,68,6,30,14
2023-05-01,84,9,32,10
2023-05-02,105,24,42,17
2023-05-03,103,21,33,17
2023-05-04,208,28,40,14
2023-05-05,36,20,5,4
2023-05-06,21,6,9,6
2023-05-07,65,14,12,8
2023-05-08,97,9,33,12
2023-05-09,77,14,16,10
2023-05-10,23,12,9,6
2023-05-11,149,15,16,6
2023-05-12,49,13,9,7
2023-05-13,5,3,4,2
2023-05-14,28,5,4,3
2023-05-15,37,8,11,8
2023-05-16,51,19,18,12
2023-05-17,36,14,15,9
2023-05-18,15,10,6,6
2023-05-19,30,11,9,7
2023-05-20,3,2,6,4
2023-05-21,9,5,8,5
2023-05-22,28,13,9,6
2023-05-23,24,14,6,6
2023-05-24,26,13,5,4
2023-05-25,53,10,11,7
2023-05-26,30,8,5,4
2023-05-27,14,3,4,4
2023-05-28,34,7,6,4
2023-05-29,45,9,12,10
2023-05-30,74,13,11,7
2023-05-31,114,12,32,16
2023-06-01,34,14,10,6
2023-06-02,25,9,9,6
2023-06-03,5,4,4,4
2023-06-04,26,6,4,3
2023-06-05,120,18,23,9
2023-06-06,73,17,16,11
2023-06-07,61,13,9,7
2023-06-08,88,16,15,11
2023-06-09,99,18,17,8
2023-06-10,15,5,3,3
2023-06-11,21,6,2,2
2023-06-12,45,10,7,6
2023-06-13,18,12,2,2
2023-06-14,47,20,10,7
2023-06-15,17,11,5,5
2023-06-16,10,6,5,4
2023-06-17,30,5,3,3
2023-06-18,14,5,2,2
2023-06-19,53,8,11,8
2023-06-20,77,17,20,10
2023-06-21,46,13,14,8
2023-06-22,83,17,24,14
2023-06-23,28,15,10,7
2023-06-24,12,6,3,3
2023-06-25,11,3,1,1
2023-06-26,38,13,4,4
2023-06-27,105,18,12,9
2023-06-28,120,13,31,14
2023-06-29,14,10,6,5
2023-06-30,25,12,4,4
2023-07-01,15,7,9,7
2023-07-02,12,5,3,3
2023-07-03,70,13,14,10
2023-07-04,90,12,22,12
2023-07-05,51,16,11,7
2023-07-06,38,15,8,6
2023-07-07,39,12,10,7
2023-07-08,28,6,4,4
2023-07-09,38,8,6,5
2023-07-10,87,17,12,10
2023-07-11,24,12,17,9
2023-07-12,108,19,16,9
2023-07-13,168,17,19,11
2023-07-14,51,23,10,9
2023-07-15,19,7,2,2
2023-07-16,73,18,5,3
2023-07-17,80,30,27,15
2023-07-18,70,23,17,11
2023-07-19,88,28,27,16
2023-07-20,21,13,3,3
2023-07-21,7,6,6,3
2023-07-22,8,4,6,5
2023-07-23,47,4,19,14
2023-07-24,28,17,17,13
2023-07-25,16,11,7,7
2023-07-26,52,16,12,10
2023-07-27,20,9,8,7
2023-07-28,68,18,5,4
2023-07-29,4,3,3,3
2023-07-30,59,10,11,7
2023-07-31,177,17,26,17
2023-08-01,82,18,23,19
2023-08-02,83,15,8,8
2023-08-03,81,18,12,8
2023-08-04,130,16,5,4
2023-08-05,46,9,11,5
2023-08-06,58,9,8,6
2023-08-07,58,22,11,9
2023-08-08,96,18,5,5
2023-08-09,123,16,14,10
2023-08-10,58,10,11,7
2023-08-11,50,7,10,8
2023-08-12,6,3,2,2
2023-08-13,10,5,1,1
2023-08-14,37,9,8,7
2023-08-15,30,11,3,3
2023-08-16,63,16,8,7
2023-08-17,31,9,11,7
2023-08-18,66,15,9,9
2023-08-19,52,4,3,2
2023-08-20,3,2,2,2
2023-08-21,53,9,7,7
2023-08-22,48,12,10,5
2023-08-23,48,17,8,7
2023-08-24,13,5,2,2
2023-08-25,24,9,5,4
2023-08-26,16,8,3,2
2023-08-27,7,4,3,3
2023-08-28,60,15,15,7
2023-08-29,59,19,4,3
2023-08-30,99,12,20,16
2023-08-31,65,17,7,6
2023-09-01,116,22,21,16
2023-09-02,17,5,9,2
2023-09-03,29,5,5,4
2023-09-04,80,17,20,15
2023-09-05,62,19,10,5
2023-09-06,62,18,9,6
2023-09-07,94,26,12,8
2023-09-08,88,23,20,14
2023-09-09,24,9,4,4
2023-09-10,81,7,19,14
2023-09-11,76,23,18,12
2023-09-12,118,25,7,6
2023-09-13,72,17,20,11
2023-09-14,96,27,30,17
2023-09-15,53,20,8,6
2023-09-16,27,5,6,4
2023-09-17,7,2,3,3
2023-09-18,49,12,13,10
2023-09-19,53,17,13,9
2023-09-20,65,18,4,3
2023-09-21,124,28,26,19
2023-09-22,107,28,20,7
2023-09-23,25,7,3,2
2023-09-24,22,5,3,3
2023-09-25,26,15,3,3
2023-09-26,59,12,12,9
2023-09-27,48,9,13,6
2023-09-28,73,15,9,8
2023-09-29,75,17,17,12
2023-09-30,16,6,1,1
2023-10-01,6,4,7,5
2023-10-02,36,10,8,8
2023-10-03,32,9,6,5
2023-10-04,40,8,9,7
2023-10-05,43,15,7,5
2023-10-06,24,7,1,1
2023-10-07,11,4,1,1
2023-10-08,7,6,1,1
2023-10-09,90,21,34,15
2023-10-10,146,27,24,12
2023-10-11,64,13,12,6
2023-10-12,74,18,21,13
2023-10-13,64,11,23,6
2023-10-14,23,9,21,6
2023-10-15,10,6,2,2
2023-10-16,60,22,10,8
2023-10-17,84,21,5,4
2023-10-18,119,26,28,9
2023-10-19,155,16,36,17
2023-10-20,19,10,3,3
2023-10-21,27,4,4,4
2023-10-22,7,2,2,2
2023-10-23,36,16,5,5
2023-10-24,37,11,5,4
2023-10-25,121,31,42,10
2023-10-26,69,13,7,5
2023-10-27,53,17,4,4
2023-10-28,34,6,5,5
2023-10-29,26,7,2,2
2023-10-30,44,13,8,6
2023-10-31,63,19,7,6
2023-11-01,36,13,4,4
2023-11-02,35,16,10,7
2023-11-03,28,10,8,3
2023-11-04,14,5,3,3
2023-11-05,50,5,11,6
2023-11-06,27,12,13,7
2023-11-07,57,16,6,5
2023-11-08,60,17,12,6
2023-11-09,59,12,8,6
2023-11-10,283,19,41,16
2023-11-11,25,4,4,4
2023-11-12,44,5,2,2
2023-11-13,48,14,5,5
2023-11-14,115,19,20,10
2023-11-15,66,16,12,6
2023-11-16,51,17,12,9
2023-11-17,28,10,6,3
2023-11-18,20,5,4,4
2023-11-19,13,5,6,3
2023-11-20,124,23,24,9
2023-11-21,120,20,17,10
2023-11-22,85,15,12,8
2023-11-23,46,10,12,7
2023-11-24,89,8,25,12
2023-11-25,16,7,18,15
2023-11-26,3,3,1,1
2023-11-27,68,14,27,15
2023-11-28,111,11,10,7
2023-11-29,40,12,6,5
2023-11-30,32,13,4,4
2023-12-01,73,14,10,9
2023-12-02,10,7,5,5
2023-12-03,20,5,2,2
2023-12-04,35,11,10,7
2023-12-05,102,14,51,11
2023-12-06,111,17,31,16
2023-12-07,195,18,12,10
2023-12-08,48,12,1,1
2023-12-09,35,12,4,4
2023-12-10,54,5,2,2
2023-12-11,76,10,8,7
2023-12-12,110,17,18,11
2023-12-13,106,14,18,14
2023-12-14,143,17,15,8
2023-12-15,41,13,7,6
2023-12-16,29,6,13,5
2023-12-17,12,3,3,3
2023-12-18,155,14,14,10
2023-12-19,103,16,18,9
2023-12-20,60,8,10,6
2023-12-21,85,15,12,10
2023-12-22,45,10,4,4
2023-12-23,14,6,5,4
2023-12-24,7,5,2,2
2023-12-25,15,2,4,4
2023-12-26,38,7,12,3
2023-12-27,22,10,6,5
2023-12-28,34,4,11,7
2023-12-29,41,4,7,2
2023-12-30,59,5,12,6
2023-12-31,12,4,3,3
2024-01-01,18,5,8,6
2024-01-02,19,10,11,5
2024-01-03,29,12,8,6
2024-01-04,78,11,10,4
2024-01-05,73,7,5,5
2024-01-06,20,3,10,2
2024-01-07,10,3,19,4
2024-01-08,54,14,9,7
2024-01-09,187,17,30,12
2024-01-10,42,6,12,10
2024-01-11,94,7,20,11
2024-01-12,50,13,16,10
2024-01-13,20,6,4,3
2024-01-14,15,3,1,1
2024-01-15,43,9,7,7
2024-01-16,70,14,14,5
2024-01-17,80,13,10,7
2024-01-18,42,16,11,6
2024-01-19,55,12,3,2
2024-01-20,5,2,2,2
2024-01-21,49,4,4,2
2024-01-22,37,11,8,4
2024-01-23,79,15,6,5
2024-01-24,109,20,10,7
2024-01-25,134,19,28,10
2024-01-26,178,17,22,11
2024-01-27,51,7,5,5
2024-01-28,9,4,12,6
2024-01-29,119,19,38,17
2024-01-30,97,16,12,9
2024-01-31,105,15,17,13
2024-02-01,88,16,21,12
2024-02-02,12,6,3,3
2024-02-03,69,5,15,5
2024-02-04,30,8,20,10
2024-02-05,56,17,17,13
2024-02-06,95,12,17,8
2024-02-07,63,16,11,8
2024-02-08,37,6,1,1
2024-02-09,54,8,3,3
2024-02-10,29,7,5,5
2024-02-11,29,7,13,4
2024-02-12,221,14,37,12
2024-02-13,318,11,9,6
2024-02-14,396,19,73,18
2024-02-15,209,14,47,18
2024-02-16,119,16,43,16
2024-02-17,110,1,34,13
2024-02-18,42,4,17,10
2024-02-19,95,17,31,17
2024-02-20,225,24,46,20
2024-02-21,128,22,34,20
2024-02-22,351,19,48,22
2024-02-23,172,26,37,16
2024-02-24,52,5,18,9
2024-02-25,34,5,4,4
2024-02-26,43,18,7,7
2024-02-27,29,16,28,15
2024-02-28,68,9,26,13
2024-02-29,104,9,10,4
2024-03-01,83,10,12,6
2024-03-02,22,8,7,5
2024-03-03,17,7,5,5
2024-03-04,149,12,45,13
2024-03-05,206,20,55,18
2024-03-06,243,33,42,25
2024-03-07,161,13,34,15
2024-03-08,446,12,23,13
2024-03-09,42,6,8,6
2024-03-10,17,4,9,5
2024-03-11,224,13,26,11
2024-03-12,193,12,43,23
2024-03-13,229,21,31,21
2024-03-14,105,17,29,18
2024-03-15,113,9,21,13
2024-03-16,33,3,7,4
2024-03-17,75,6,11,9
2024-03-18,64,15,29,15
2024-03-19,23,8,18,11
2024-03-20,30,6,19,15
2024-03-21,196,13,17,7
2024-03-22,171,13,18,9
2024-03-23,57,1,9,6
2024-03-24,14,4,20,8
2024-03-25,331,17,19,15
2024-03-26,240,17,17,8
2024-03-27,147,22,8,8
2024-03-28,58,11,6,5
2024-03-29,44,7,9,5
2024-03-30,60,8,6,6
2024-03-31,13,6,3,3
2024-04-01,39,10,12,11
2024-04-02,63,10,10,8
2024-04-03,51,15,43,20
2024-04-04,19,8,10,8
2024-04-05,57,12,18,12
2024-04-06,44,7,3,3
2024-04-07,4,3,4,3
2024-04-08,24,12,17,10
2024-04-09,90,18,15,10
2024-04-10,58,13,16,10
2024-04-11,42,14,7,6
2024-04-12,48,18,14,12
2024-04-13,12,7,8,6
2024-04-14,15,7,3,2
2024-04-15,59,14,8,6
2024-04-16,202,22,15,8
2024-04-17,14,5,6,5
2024-04-18,23,7,4,4
2024-04-19,89,15,19,9
2024-04-20,24,5,9,4
2024-04-21,6,4,8,4
2024-04-22,87,11,14,8
2024-04-23,155,23,23,14
2024-04-24,47,8,28,15
2024-04-25,88,11,8,8
2024-04-26,144,14,14,5
2024-04-27,19,5,4,4
2024-04-28,57,9,7,4
2024-04-29,64,22,17,9
2024-04-30,189,21,34,13
2024-05-01,187,15,38,21
2024-05-02,102,25,14,11
2024-05-03,52,12,5,5
2024-05-04,20,5,3,2
2024-05-05,15,8,11,8
2024-05-06,14,6,28,12
2024-05-07,139,16,34,22
2024-05-08,37,11,18,9
2024-05-09,103,15,36,14
2024-05-10,52,7,15,10
2024-05-11,7,3,6,5
2024-05-12,12,3,7,4
2024-05-13,49,9,23,14
2024-05-14,226,13,78,24
2024-05-15,13,8,25,9
2024-05-16,67,9,11,8
2024-05-17,9,5,5,4
2024-05-18,9,3,4,3
2024-05-19,5,3,10,7
2024-05-20,53,12,6,5
2024-05-21,202,22,29,16
2024-05-22,267,20,51,24
2024-05-23,48,14,32,22
2024-05-24,39,11,8,5
2024-05-25,13,4,4,4
2024-05-26,12,4,3,3
2024-05-27,9,8,10,4
2024-05-28,51,11,15,9
2024-05-29,116,17,19,12
2024-05-30,42,12,5,3
2024-05-31,19,7,3,2
2024-06-01,68,6,4,4
2024-06-02,9,6,4,4
2024-06-03,147,14,32,16
2024-06-04,72,16,25,17
2024-06-05,291,21,71,26
2024-06-06,125,18,39,25
2024-06-07,130,17,32,19
2024-06-08,20,6,15,11
2024-06-09,10,5,24,8
2024-06-10,87,17,27,17
2024-06-11,56,11,35,18
2024-06-12,72,21,19,14
2024-06-13,81,12,16,10
2024-06-14,113,9,18,14
2024-06-15,72,4,29,14
2024-06-16,18,6,7,3
2024-06-17,255,22,45,25
2024-06-18,136,15,20,11
2024-06-19,93,19,63,31
2024-06-20,273,27,29,19
2024-06-21,77,18,9,8
2024-06-22,13,6,10,4
2024-06-23,50,4,10,9
2024-06-24,37,10,6,6
2024-06-25,39,8,5,5
2024-06-26,175,11,28,17
2024-06-27,110,13,7,7
2024-06-28,61,9,8,4
2024-06-29,22,5,2,1
2024-06-30,10,5,1,1
2024-07-01,204,16,39,21
2024-07-02,45,13,8,4
2024-07-03,96,15,11,9
2024-07-04,172,20,27,16
2024-07-05,93,18,6,5
2024-07-06,4,2,7,4
2024-07-07,9,7,1,1
2024-07-08,57,18,13,10
2024-07-09,59,20,10,8
2024-07-10,134,19,25,17
2024-07-11,142,17,26,13
2024-07-12,64,8,8,5
2024-07-13,97,4,27,14
2024-07-14,23,8,7,5
2024-07-15,129,26,8,6
2024-07-16,129,17,8,6
2024-07-17,221,23,23,13
2024-07-18,57,23,10,8
2024-07-19,43,15,10,9
2024-07-20,69,6,4,2
2024-07-21,48,8,9,6
2024-07-22,147,23,10,9
2024-07-23,189,20,26,14
2024-07-24,107,21,7,7
2024-07-25,25,14,7,5
2024-07-26,59,11,3,3
2024-07-27,29,3,3,3
2024-07-28,17,4,2,1
2024-07-29,97,23,2,2
2024-07-30,30,10,9,5
2024-07-31,86,12,13,7
2024-08-01,22,6,4,4
2024-08-02,11,5,2,1
2024-08-03,5,2,2,2
2024-08-04,26,7,10,7
2024-08-05,19,8,12,6
2024-08-06,22,9,12,9
2024-08-07,72,16,5,4
2024-08-08,125,12,10,6
2024-08-09,64,14,3,3
2024-08-10,28,5,5,4
2024-08-11,5,2,5,5
2024-08-12,157,17,18,12
2024-08-13,191,21,36,19
2024-08-14,131,22,15,8
2024-08-15,134,24,18,12
2024-08-16,67,10,7,6
2024-08-17,71,5,6,3
2024-08-18,5,4,2,2
2024-08-19,112,14,4,4
2024-08-20,35,9,11,7
2024-08-21,121,11,11,7
2024-08-22,54,15,9,5
2024-08-23,50,15,5,3
2024-08-24,5,3,4,2
2024-08-25,30,7,6,5
2024-08-26,114,23,3,3
2024-08-27,194,14,3,2
2024-08-28,23,10,8,4
2024-08-29,359,12,36,15
2024-08-30,51,9,6,6
2024-08-31,106,12,0,0
2024-09-01,29,6,5,5
2024-09-02,76,14,11,8
2024-09-03,56,16,10,8
2024-09-04,95,16,13,9
2024-09-05,60,20,9,7
2024-09-06,51,12,4,4
2024-09-07,3,2,3,2
2024-09-08,40,2,1,1
2024-09-09,144,19,9,9
2024-09-10,58,18,11,8
2024-09-11,29,16,8,7
2024-09-12,47,18,9,8
2024-09-13,33,13,3,3
2024-09-14,14,7,3,3
2024-09-15,46,11,8,5
2024-09-16,55,13,3,3
2024-09-17,40,8,4,3
2024-09-18,96,14,13,8
2024-09-19,36,7,11,8
2024-09-20,18,9,7,5
2024-09-21,19,6,4,1
2024-09-22,12,4,2,2
2024-09-23,74,21,11,8
2024-09-24,119,19,7,6
2024-09-25,87,18,7,3
2024-09-26,73,18,2,2
2024-09-27,33,9,3,3
2024-09-28,25,6,6,5
2024-09-29,5,4,5,2
2024-09-30,52,17,12,8
2024-10-01,120,17,22,8
2024-10-02,104,21,25,17
2024-10-03,130,20,26,20
2024-10-04,65,14,10,8
2024-10-05,18,4,1,1
2024-10-06,15,5,2,2
2024-10-07,41,9,11,10
2024-10-08,53,20,10,6
2024-10-09,103,30,14,11
2024-10-10,109,29,13,10
2024-10-11,51,21,9,7
2024-10-12,9,9,10,8
2024-10-13,18,9,1,1
2024-10-14,74,20,16,10
2024-10-15,74,19,16,6
2024-10-16,150,20,36,21
2024-10-17,104,23,22,14
2024-10-18,74,23,4,4
2024-10-19,19,9,6,5
2024-10-20,12,7,3,3
2024-10-21,90,19,11,7
2024-10-22,48,21,9,6
2024-10-23,55,21,14,10
2024-10-24,67,25,10,7
2024-10-25,58,18,5,4
2024-10-26,7,6,6,6
2024-10-27,17,10,2,1
2024-10-28,48,16,10,8
2024-10-29,120,19,5,4
2024-10-30,25,13,7,6
2024-10-31,95,25,17,10
2024-11-01,32,16,4,4
2024-11-02,16,5,0,0
2024-11-03,6,4,2,2
2024-11-04,65,21,8,5
2024-11-05,51,23,7,6
2024-11-06,40,11,8,6
2024-11-07,98,25,21,17
2024-11-08,120,20,29,17
2024-11-09,17,7,8,5
2024-11-10,14,10,10,8
2024-11-11,70,25,14,14
2024-11-12,183,37,14,13
2024-11-13,108,24,22,13
2024-11-14,52,20,10,8
2024-11-15,59,18,16,13
2024-11-16,55,7,15,4
2024-11-17,8,7,1,1
2024-11-18,40,17,10,9
2024-11-19,84,24,11,10
2024-11-20,53,19,13,11
2024-11-21,51,17,11,7
2024-11-22,47,21,7,4
2024-11-23,30,9,6,4
2024-11-24,11,6,6,5
2024-11-25,47,18,9,3
2024-11-26,80,20,11,7
2024-11-27,116,26,19,12
2024-11-28,108,13,18,11
2024-11-29,58,17,17,11
2024-11-30,10,5,2,2
2024-12-01,14,11,2,2
2024-12-02,75,22,18,13
2024-12-03,66,16,7,7
2024-12-04,162,27,19,11
2024-12-05,77,24,4,3
2024-12-06,54,19,14,11
2024-12-07,68,8,8,5
2024-12-08,14,7,3,1
2024-12-09,115,27,19,10
2024-12-10,106,21,18,13
2024-12-11,128,24,22,12
2024-12-12,158,26,11,7
2024-12-13,101,19,13,9
2024-12-14,17,11,10,6
2024-12-15,7,4,1,1
2024-12-16,102,14,9,7
2024-12-17,119,24,22,10
2024-12-18,164,16,18,12
2024-12-19,48,10,6,6
2024-12-20,41,6,3,2
2024-12-21,12,7,1,1
2024-12-22,24,9,4,3
2024-12-23,51,11,8,6
2024-12-24,19,5,3,3
2024-12-25,46,7,8,3
2024-12-26,37,11,6,6
2024-12-27,37,14,3,3
2024-12-28,66,5,4,3
2024-12-29,7,6,4,2
2024-12-30,21,10,7,6
2024-12-31,40,11,4,3
2025-01-01,28,5,8,4
2025-01-02,18,7,4,3
2025-01-03,15,10,4,4
2025-01-04,18,6,9,8
2025-01-05,26,9,5,4
2025-01-06,64,19,2,2
2025-01-07,19,13,5,4
2025-01-08,66,25,9,5
2025-01-09,47,23,14,10
2025-01-10,76,18,12,7
2025-01-11,5,3,1,1
2025-01-12,109,12,7,5
2025-01-13,52,21,12,6
2025-01-14,58,22,1,1
2025-01-15,88,24,16,10
2025-01-16,588,20,64,18
2025-01-17,270,29,44,11
2025-01-18,19,9,1,1
2025-01-19,124,4,19,6
2025-01-20,132,20,19,7
2025-01-21,103,22,4,4
2025-01-22,80,15,7,5
2025-01-23,54,18,8,6
2025-01-24,101,12,10,6
2025-01-25,26,10,3,3
2025-01-26,93,8,13,5
2025-01-27,60,18,2,1
2025-01-28,574,22,111,24
2025-01-29,189,19,17,8
2025-01-30,47,25,6,3
2025-01-31,113,20,4,2
2025-02-01,14,10,6,3
2025-02-02,8,7,5,2
2025-02-03,103,18,9,6
2025-02-04,123,23,20,6
2025-02-05,118,26,2,2
2025-02-06,88,26,8,5
2025-02-07,70,21,8,4
2025-02-08,26,10,8,6
2025-02-09,25,10,4,2
2025-02-10,175,36,36,18
2025-02-11,133,30,9,7
2025-02-12,183,22,17,11
2025-02-13,475,23,82,28
2025-02-14,245,18,34,18
2025-02-15,55,16,5,4
2025-02-16,15,8,4,2
2025-02-17,122,9,26,15
2025-02-18,271,32,38,19
2025-02-19,580,25,122,24
2025-02-20,172,20,29,8
2025-02-21,201,25,32,13
2025-02-22,97,17,17,12
2025-02-23,113,9,22,12
2025-02-24,156,19,23,11
2025-02-25,62,17,3,3
2025-02-26,141,15,21,12
2025-02-27,79,23,15,8
2025-02-28,40,10,8,4
2025-03-01,31,7,16,9
2025-03-02,9,5,8,6
2025-03-03,160,20,33,12
2025-03-04,106,20,14,9
2025-03-05,56,15,11,8
2025-03-06,198,20,23,12
2025-03-07,45,17,13,8
2025-03-08,6,5,9,5
2025-03-09,66,18,13,9
2025-03-10,87,20,16,12
2025-03-11,42,18,6,5
2025-03-12,54,16,5,4
2025-03-13,192,21,44,11
2025-03-14,268,17,43,18
2025-03-15,51,8,12,8
2025-03-16,9,7,6,3
2025-03-17,148,11,32,14
2025-03-18,254,17,31,16
2025-03-19,248,16,46,17
2025-03-20,167,23,28,14
2025-03-21,60,19,9,7
2025-03-22,58,8,14,8
2025-03-23,54,12,4,3
2025-03-24,92,16,18,9
2025-03-25,101,20,6,5
2025-03-26,119,14,11,8
2025-03-27,60,18,20,10
2025-03-28,42,14,11,7
2025-03-29,32,3,15,8
2025-03-30,10,7,6,5
2025-03-31,65,16,10,8
2025-04-01,146,14,26,13
2025-04-02,255,10,53,15
2025-04-03,49,13,8,6
2025-04-04,142,14,42,11
2025-04-05,23,6,7,6
2025-04-06,46,6,14,9
2025-04-07,54,14,18,10
2025-04-08,102,23,10,8
2025-04-09,86,22,4,3
2025-04-10,48,14,10,5
2025-04-11,26,16,33,13
2025-04-12,34,6,72,13
2025-04-13,52,15,22,9
2025-04-14,58,22,9,7
2025-04-15,69,22,9,7
2025-04-16,86,18,12,6
2025-04-17,90,23,14,8
2025-04-18,158,26,9,5
2025-04-19,19,11,11,9
2025-04-20,6,4,7,4
2025-04-21,17,9,6,3
2025-04-22,47,14,6,4
2025-04-23,28,16,7,4
2025-04-24,45,21,6,4
2025-04-25,23,13,7,4
2025-04-26,7,6,2,2
2025-04-27,15,7,6,4
2025-04-28,82,29,7,4
2025-04-29,50,18,11,4
2025-04-30,133,15,27,11
2025-05-01,110,18,7,5
2025-05-02,31,18,8,5
2025-05-03,23,12,8,6
2025-05-04,17,6,4,3
2025-05-05,35,13,8,5
2025-05-06,57,15,8,3
2025-05-07,44,13,2,2
2025-05-08,70,20,10,6
2025-05-09,23,14,6,4
2025-05-10,8,4,3,2
2025-05-11,10,4,8,6
2025-05-12,63,22,11,6
2025-05-13,200,23,33,18
2025-05-14,67,17,8,5
2025-05-15,29,18,3,3
2025-05-16,61,11,11,5
2025-05-17,33,9,15,10
2025-05-18,9,8,5,5
2025-05-19,194,34,49,21
2025-05-20,49,12,21,10
2025-05-21,43,18,2,2
2025-05-22,70,19,9,6
2025-05-23,41,17,11,6
2025-05-24,17,9,3,3
2025-05-25,40,8,10,7
2025-05-26,217,31,18,8
2025-05-27,158,35,23,10
2025-05-28,64,20,5,5
2025-05-29,56,23,22,6
2025-05-30,33,14,2,2
2025-05-31,12,8,3,3
2025-06-01,14,9,7,4
2025-06-02,14,11,4,3
2025-06-03,88,19,10,6
2025-06-04,85,18,50,21
2025-06-05,99,23,14,13
2025-06-06,41,16,4,3
2025-06-07,25,6,7,6
2025-06-08,31,11,6,3
2025-06-09,69,15,7,4
2025-06-10,26,15,1,1
2025-06-11,55,16,26,7
2025-06-12,55,17,8,5
2025-06-13,74,9,11,10
2025-06-14,13,7,5,4
2025-06-15,13,7,9,6
2025-06-16,101,14,5,5
2025-06-17,83,12,10,8
2025-06-18,158,25,10,7
2025-06-19,25,11,6,6
2025-06-20,12,10,4,2
2025-06-21,3,3,5,4
2025-06-22,13,10,4,3
2025-06-23,45,18,1,1
2025-06-24,29,15,7,7
2025-06-25,40,17,9,8
2025-06-26,26,15,5,3
2025-06-27,42,16,13,11
2025-06-28,4,4,5,5
2025-06-29,3,3,1,1
2025-06-30,164,15,38,19
2025-07-01,37,18,7,7
2025-07-02,82,15,10,9
2025-07-03,68,16,17,15
2025-07-04,27,17,10,10
2025-07-05,22,11,3,3
2025-07-06,26,9,7,6
2025-07-07,63,25,9,7
2025-07-08,41,18,7,6
2025-07-09,82,16,8,8
2025-07-10,164,24,38,21
2025-07-11,54,15,13,12
2025-07-12,8,3,8,8
2025-07-13,42,8,8,8
2025-07-14,70,12,18,14
2025-07-15,147,15,30,19
2025-07-16,77,17,23,17
2025-07-17,147,16,10,7
2025-07-18,28,12,10,8
2025-07-19,24,8,5,3
2025-07-20,31,12,6,6
2025-07-21,25,12,9,5
2025-07-22,87,21,6,6
2025-07-23,45,21,4,4
2025-07-24,301,20,50,28
2025-07-25,68,14,12,11
2025-07-26,9,6,4,4
2025-07-27,47,7,13,8
2025-07-28,44,14,15,13
2025-07-29,66,26,6,6
2025-07-30,51,21,8,8
2025-07-31,17,10,5,5
2025-08-01,12,8,6,6
2025-08-02,25,11,8,8
2025-08-03,18,7,5,5
2025-08-04,47,14,11,10
2025-08-05,74,16,4,4
2025-08-06,40,22,10,9
2025-08-07,61,14,15,8
2025-08-08,38,14,9,7
2025-08-09,12,8,3,3
2025-08-10,18,9,7,6
2025-08-11,52,12,9,4
2025-08-12,30,17,9,8
2025-08-13,39,13,8,8
2025-08-14,39,19,2,2
2025-08-15,46,15,7,6
2025-08-16,15,6,7,7
2025-08-17,24,11,7,7
2025-08-18,38,19,3,3
2025-08-19,13,9,7,6
2025-08-20,42,17,4,4
2025-08-21,28,9,6,6
2025-08-22,52,19,4,4
2025-08-23,33,9,3,3
2025-08-24,20,7,4,4
2025-08-25,36,18,6,6
2025-08-26,15,11,9,8
2025-08-27,16,12,5,5
2025-08-28,14,9,3,3
2025-08-29,57,17,7,7
2025-08-30,9,5,7,7
2025-08-31,7,6,7,7
2025-09-01,62,19,4,4
2025-09-02,23,16,260,5
2025-09-03,128,22,265,6
2025-09-04,70,20,4,3
2025-09-05,59,20,6,6
2025-09-06,13,8,1,1
2025-09-07,17,9,4,4
2025-09-08,39,12,1,1
2025-09-09,39,21,13,5
2025-09-10,76,19,4,3
2025-09-11,12,10,5,5
2025-09-12,46,17,14,9
2025-09-13,4,4,6,6
2025-09-14,11,8,5,4
2025-09-15,103,21,32,18
2025-09-16,29,14,7,4
2025-09-17,61,15,25,18
2025-09-18,56,12,19,16
2025-09-19,58,15,34,17
2025-09-20,23,10,11,11
2025-09-21,35,8,6,6
2025-09-22,42,14,9,8
2025-09-23,21,11,28,9
2025-09-24,19,14,3,2
2025-09-25,85,16,9,6
2025-09-26,45,13,5,4
2025-09-27,28,5,7,5
2025-09-28,11,7,10,6
2025-09-29,45,16,6,5
2025-09-30,37,17,7,4
2025-10-01,29,15,10,6
2025-10-02,12,7,7,5
2025-10-03,49,17,7,6
2025-10-04,6,5,6,5
2025-10-05,58,6,8,6
2025-10-06,43,17,7,4
2025-10-07,11,8,8,6
2025-10-08,22,10,10,9
2025-10-09,27,10,11,5
2025-10-10,19,10,7,6
2025-10-11,5,5,13,9
2025-10-12,6,4,6,4
2025-10-13,37,11,13,9
2025-10-14,39,18,15,5
2025-10-15,15,8,11,6
2025-10-16,20,9,11,8
2025-10-17,78,18,10,5
2025-10-18,12,4,25,8
2025-10-19,34,10,2,2
2025-10-20,31,11,8,3
2025-10-21,36,20,30,9
2025-10-22,30,16,13,6
2025-10-23,29,18,8,7
2025-10-24,73,10,28,17
2025-10-25,22,6,10,5
2025-10-26,15,7,14,12
2025-10-27,47,11,8,6
2025-10-28,83,21,36,21
2025-10-29,42,19,9,6
2025-10-30,109,48,18,15
2025-10-31,97,22,46,24
2025-11-01,13,7,3,3
2025-11-02,13,11,11,6
2025-11-03,67,21,14,6
2025-11-04,69,21,12,7
2025-11-05,85,19,17,10
2025-11-06,39,24,18,8
2025-11-07,94,20,25,16
2025-11-08,28,9,15,5
2025-11-09,16,11,2,2
2025-11-10,70,22,31,20
2025-11-11,42,18,19,12
2025-11-12,25,13,12,6
2025-11-13,54,22,17,8
2025-11-14,89,29,14,8
2025-11-15,30,8,5,5
2025-11-16,6,5,9,7
2025-11-17,50,24,6,6
2025-11-18,40,16,9,7
2025-11-19,57,13,8,6
2025-11-20,42,18,13,8
2025-11-21,22,11,9,7
2025-11-22,36,15,7,6
2025-11-23,43,10,6,5
2025-11-24,105,24,9,7
2025-11-25,42,19,15,11
2025-11-26,58,18,34,27
2025-11-27,149,24,38,29
2025-11-28,42,15,26,19
2025-11-29,11,7,28,22
2025-11-30,9,7,26,22
2025-12-01,40,17,75,27
2025-12-02,56,19,38,17
2025-12-03,101,26,142,52
2025-12-04,110,22,26,18
2025-12-05,60,17,25,16
2025-12-06,12,4,13,10
2025-12-07,7,6,5,5
2025-12-08,28,14,4,4
2025-12-09,72,23,20,13
2025-12-10,71,28,4,4
2025-12-11,97,27,7,7
2025-12-12,73,20,9,9
2025-12-13,84,10,11,6
2025-12-14,17,11,18,8
2025-12-15,61,20,3,3
2025-12-16,50,24,6,6
2025-12-17,50,15,17,8
2025-12-18,52,19,11,7
2025-12-19,64,14,33,8
2025-12-20,10,8,12,7
2025-12-21,19,10,13,7
2025-12-22,49,12,10,6
2025-12-23,18,9,22,8
2025-12-24,30,7,19,7
2025-12-25,20,8,19,7
2025-12-26,13,10,17,6
2025-12-27,49,12,15,7
2025-12-28,37,5,17,6
2025-12-29,26,17,16,7
2025-12-30,91,23,24,15
2025-12-31,28,12,8,4
2026-01-01,38,12,7,3
2026-01-02,61,15,58,35
2026-01-03,10,9,17,10
2026-01-04,40,17,22,9
2026-01-05,48,24,15,6
2026-01-06,135,26,50,28
2026-01-07,69,22,10,6
2026-01-08,23,11,14,9
2026-01-09,32,12,14,9
2026-01-10,26,17,18,7
2026-01-11,48,10,13,10
2026-01-12,53,12,23,9
2026-01-13,30,15,4,4
2026-01-14,50,22,18,6
2026-01-15,73,28,19,8
2026-01-16,75,22,47,22
2026-01-17,44,9,15,7
2026-01-18,23,8,40,14
2026-01-19,26,17,3,3
2026-01-20,33,14,28,15
2026-01-21,30,17,11,11
2026-01-22,43,17,15,6
2026-01-23,28,16,18,8
2026-01-24,39,9,14,6
2026-01-25,9,5,27,9
2026-01-26,22,17,17,9
2026-01-27,79,23,10,6
2026-01-28,46,17,21,11
2026-01-29,32,15,11,7
2026-01-30,75,19,50,29
2026-01-31,13,8,7,7
2026-02-01,12,11,14,10
2026-02-02,79,27,19,11
2026-02-03,43,21,9,8
2026-02-04,228,31,19,12
2026-02-05,38,17,19,11
2026-02-06,77,20,22,17
2026-02-07,39,15,19,10
2026-02-08,32,14,14,9
2026-02-09,65,25,50,22
2026-02-10,115,22,16,9
2026-02-11,117,29,40,23
2026-02-12,41,17,29,14
2026-02-13,28,8,73,38
2026-02-14,43,25,18,11
2026-02-15,34,17,29,13
2026-02-16,34,22,9,6
2026-02-17,67,18,47,19
2026-02-18,45,15,27,13
2026-02-19,128,24,27,18
2026-02-20,27,18,12,7
2026-02-21,18,9,8,7
2026-02-22,18,11,24,13
2026-02-23,26,12,18,9
2026-02-24,48,26,15,9
2026-02-25,51,18,10,6
2026-02-26,47,20,30,16
2026-02-27,40,13,18,8
2026-02-28,15,10,16,7
2026-03-01,10,6,5,5
2026-03-02,42,13,23,15
2026-03-03,43,22,29,18
2026-03-04,41,22,23,10
2026-03-05,44,20,13,8
2026-03-06,38,17,15,9
2026-03-07,21,15,9,5
2026-03-08,15,8,6,4
2026-03-09,39,19,17,8
2026-03-10,24,12,10,5
2026-03-11,128,40,50,27
2026-03-12,62,22,21,13
2026-03-13,89,24,23,13
2026-03-14,19,11,13,9
2026-03-15,13,7,16,10
2026-03-16,70,28,21,10
2026-03-17,55,19,27,10
2026-03-18,87,23,52,27
2026-03-19,56,21,6,5
2026-03-20,55,15,36,19
2026-03-21,18,9,7,5
2026-03-22,13,6,22,10
2026-03-23,52,17,19,15
2026-03-24,62,20,17,12
2026-03-25,45,16,18,8
2026-03-26,34,22,19,13
2026-03-27,28,11,20,11
2026-03-28,40,10,4,4
2026-03-29,31,9,9,5
2026-03-30,52,19,93,18
2026-03-31,16,13,19,13
2026-04-01,59,15,51,29
2026-04-02,58,29,9,9
2026-04-03,9,6,16,9
2026-04-04,17,9,28,20
2026-04-05,16,11,8,7
2026-04-06,10,6,13,8
2026-04-07,39,15,24,10
2026-04-08,37,16,22,9
2026-04-09,61,21,21,10
2026-04-10,51,12,14,10
2026-04-11,25,11,41,14
2026-04-12,32,21,8,8
2026-04-13,31,20,16,9
2026-04-14,46,13,33,9
2026-04-15,53,22,33,11
2026-04-16,27,16,19,10
2026-04-17,79,31,47,23
2026-04-18,41,22,33,15
2026-04-19,45,21,30,16
2026-04-20,83,39,99,50
2026-04-21,89,25,96,44
2026-04-22,69,18,145,60
2026-04-23,53,17,96,43
2026-04-24,53,21,112,43
2026-04-25,9,5,80,37
2026-04-26,32,15,31,13
2026-04-27,51,30,54,18
2026-04-28,49,18,30,12
2026-04-29,24,19,29,17
2026-04-30,55,26,64,24
2026-05-01,45,21,46,10
2026-05-02,31,17,33,10
2026-05-03,88,20,45,17
2026-05-04,85,27,24,10
2026-05-05,68,27,62,16
2026-05-06,75,15,15,10
2026-05-07,30,19,32,13
2026-05-08,71,24,36,18
2026-05-09,24,11,36,13
2026-05-10,32,16,33,12
2026-05-11,25,16,26,11
2026-05-12,24,10,33,17
2026-05-13,53,17,25,12
2026-05-14,34,18,22,10
2026-05-15,23,11,19,11
2026-05-16,11,8,18,8
2026-05-17,22,15,26,9
2026-05-18,35,18,48,24
2026-05-19,58,25,55,22
2026-05-20,85,29,40,18
2026-05-21,42,14,25,11
2026-05-22,22,8,42,17
2026-05-23,28,9,26,14
2026-05-24,29,10,18,9
2026-05-25,47,21,32,13
2026-05-26,50,16,16,10
2026-05-27,41,16,14,7
2026-05-28,54,16,51,25
2026-05-29,59,21,25,12
2026-05-30,13,8,6,5
2026-05-31,28,10,16,11
2026-06-01,66,11,19,10
2026-06-02,24,14,22,8
2026-06-03,17,13,24,13
2026-06-04,41,26,23,13
2026-06-05,33,14,23,10
2026-06-06,25,9,13,7
2026-06-07,10,4,15,10
2026-06-08,36,19,20,10
2026-06-09,31,15,18,10
2026-06-10,16,16,41,27
2026-06-11,47,20,23,11
2026-06-12,18,13,28,11
2026-06-13,13,11,22,8
2026-06-14,11,7,32,12
2026-06-15,29,19,16,10
2026-06-16,24,10,23,8
2026-06-17,38,22,21,11
2026-06-18,48,11,25,10
2026-06-19,25,16,60,18
2026-06-20,37,11,59,24
2026-06-21,15,9,44,13
2026-06-22,25,11,45,14
2026-06-23,53,14,59,21
2026-06-24,45,8,37,12
2026-06-25,44,16,71,21
2026-06-26,16,9,25,11
2026-06-27,7,6,23,12
2026-06-28,2,2,9,4
2026-06-29,22,12,12,6
2026-06-30,9,7,13,5
2026-07-01,54,18,26,14
2026-07-02,22,11,18,9
2026-07-03,17,9,11,4
2026-07-04,8,8,43,19
2026-07-05,9,7,11,7
2026-07-06,16,10,26,12
2026-07-07,20,11,34,11
2026-07-08,49,22,9,5
2026-07-09,27,19,20,11
2026-07-10,32,9,32,22
2026-07-11,5,5,14,8
2026-07-12,4,4,22,11
2026-07-13,32,13,20,11
2026-07-14,21,12,16,10
2026-07-15,16,9,17,7
2026-07-16,95,31,56,21
2026-07-17,30,18,9,5
2026-07-18,28,11,22,11
2026-07-19,13,8,19,10
2026-07-20,24,19,12,11
2026-07-21,54,14,12,10
2026-07-22,14,9,15,10
2026-07-23,21,9,37,11
2026-07-24,23,10,16,10
2026-07-25,13,6,18,9
2026-07-26,8,7,2,2
